video,turn_index,start,end,topic
ZGhyWndIYld4cEU=,2,7.67,26.663999999999998,-1
ZGhyWndIYld4cEU=,3,27.193,100.55799999999999,-1
ZGhyWndIYld4cEU=,4,100.879,123.30799999999999,21
ZGhyWndIYld4cEU=,5,123.843,139.041,-1
ZGhyWndIYld4cEU=,7,141.172,202.572,4
ZGhyWndIYld4cEU=,8,203.968,223.036,5
ZGhyWndIYld4cEU=,9,223.166,300.18,21
ZGhyWndIYld4cEU=,10,300.21,309.707,-1
ZGhyWndIYld4cEU=,11,311.045,346.368,-1
ZGhyWndIYld4cEU=,13,350.319,377.60200000000003,21
QURob29DMDhuZmc=,0,0.449,15.307,-1
QURob29DMDhuZmc=,1,19.025,42.918,-1
QURob29DMDhuZmc=,2,44.172,52.005,-1
QURob29DMDhuZmc=,3,55.456,73.393,-1
QURob29DMDhuZmc=,7,84.735,105.43499999999999,-1
QURob29DMDhuZmc=,8,106.903,120.11699999999999,-1
QURob29DMDhuZmc=,9,123.696,158.88500000000002,-1
QURob29DMDhuZmc=,11,166.798,221.288,-1
QURob29DMDhuZmc=,12,222.722,236.38,12
QURob29DMDhuZmc=,13,240.38,279.385,14
RVVIQlZWSmlzckU=,1,23.806,189.952,11
RVVIQlZWSmlzckU=,2,196.611,471.92,11
RVVIQlZWSmlzckU=,3,475.324,701.873,11
dU93cW1GcnJBR2M=,2,6.913,21.453,5
dU93cW1GcnJBR2M=,3,22.148,42.029,28
dU93cW1GcnJBR2M=,5,48.605,94.173,28
dU93cW1GcnJBR2M=,6,94.203,104.259,18
dU93cW1GcnJBR2M=,7,104.289,109.963,-1
dU93cW1GcnJBR2M=,11,121.576,151.54500000000002,18
dU93cW1GcnJBR2M=,14,164.524,181.625,18
dU93cW1GcnJBR2M=,15,182.035,233.229,18
dU93cW1GcnJBR2M=,17,238.843,304.579,5
dU93cW1GcnJBR2M=,18,304.609,312.705,11
a3p3RHdQLXJaWVE=,2,11.469,25.685,2
a3p3RHdQLXJaWVE=,3,28.448,68.892,15
a3p3RHdQLXJaWVE=,5,76.091,117.213,-1
a3p3RHdQLXJaWVE=,6,118.109,136.453,2
a3p3RHdQLXJaWVE=,7,138.384,199.761,-1
a3p3RHdQLXJaWVE=,8,201.162,227.585,2
a3p3RHdQLXJaWVE=,9,229.839,282.628,29
a3p3RHdQLXJaWVE=,10,283.544,308.754,2
a3p3RHdQLXJaWVE=,11,310.966,345.279,28
OFMtbjRBM3JkTVk=,2,9.229,27.714,14
OFMtbjRBM3JkTVk=,3,30.08,62.021,14
OFMtbjRBM3JkTVk=,4,62.071,80.36999999999999,13
OFMtbjRBM3JkTVk=,5,83.072,123.134,13
OFMtbjRBM3JkTVk=,7,135.185,239.227,14
OFMtbjRBM3JkTVk=,8,240.485,262.812,13
OFMtbjRBM3JkTVk=,9,265.804,345.605,13
Zzh3OVdnNlN6RWs=,0,0.948,53.584,-1
Zzh3OVdnNlN6RWs=,1,54.91,84.503,-1
Zzh3OVdnNlN6RWs=,5,105.217,152.964,-1
Zzh3OVdnNlN6RWs=,6,154.063,166.602,-1
Zzh3OVdnNlN6RWs=,7,166.652,187.133,-1
Zzh3OVdnNlN6RWs=,8,187.183,208.76000000000002,-1
Zzh3OVdnNlN6RWs=,9,209.918,248.042,-1
Zzh3OVdnNlN6RWs=,11,250.654,277.651,10
Zzh3OVdnNlN6RWs=,17,298.145,320.106,-1
Zzh3OVdnNlN6RWs=,18,320.572,326.879,-1
VVkwaXRMNFZSMFk=,0,0.67,18.333,23
VVkwaXRMNFZSMFk=,1,18.563,28.611,-1
VVkwaXRMNFZSMFk=,2,31.605,101.871,23
VVkwaXRMNFZSMFk=,3,101.921,120.8,29
VVkwaXRMNFZSMFk=,4,122.43,134.64,-1
VVkwaXRMNFZSMFk=,7,156.421,209.40200000000002,-1
VVkwaXRMNFZSMFk=,8,210.291,223.524,2
VVkwaXRMNFZSMFk=,9,227.541,280.589,-1
VVkwaXRMNFZSMFk=,11,285.56,296.327,23
VVkwaXRMNFZSMFk=,12,300.66,345.611,23
VVkwaXRMNFZSMFk=,14,354.585,405.53000000000003,-1
VVkwaXRMNFZSMFk=,15,410.546,425.286,25
VVkwaXRMNFZSMFk=,16,425.336,438.294,25
VVkwaXRMNFZSMFk=,17,440.707,515.809,25
VVkwaXRMNFZSMFk=,18,515.839,530.779,15
VVkwaXRMNFZSMFk=,19,531.594,551.724,-1
VVkwaXRMNFZSMFk=,20,554.341,562.66,25
VVkwaXRMNFZSMFk=,21,567.669,704.529,25
Q2oxRGQ4LVFlU2s=,0,0.549,76.886,0
Q2oxRGQ4LVFlU2s=,1,79.168,118.015,2
Q2oxRGQ4LVFlU2s=,2,119.255,130.72,-1
Q2oxRGQ4LVFlU2s=,3,132.942,154.842,2
Q2oxRGQ4LVFlU2s=,4,154.892,170.49200000000002,6
Q2oxRGQ4LVFlU2s=,5,172.728,211.744,2
Q2oxRGQ4LVFlU2s=,6,213.622,240.774,3
Q2oxRGQ4LVFlU2s=,7,242.936,296.949,-1
SUpUcWc1OXhPMTA=,0,1.13,91.99499999999999,2
SUpUcWc1OXhPMTA=,1,95.996,186.59300000000002,5
SUpUcWc1OXhPMTA=,2,188.162,201.175,0
SUpUcWc1OXhPMTA=,3,205.336,261.18,3
SUpUcWc1OXhPMTA=,4,262.934,290.725,5
SUpUcWc1OXhPMTA=,5,293.957,395.207,5
c1MzOVVhbWxmaTg=,0,0.309,13.581,5
c1MzOVVhbWxmaTg=,1,15.572,119.8,-1
c1MzOVVhbWxmaTg=,2,120.37,141.472,5
c1MzOVVhbWxmaTg=,3,142.142,194.398,5
c1MzOVVhbWxmaTg=,5,201.093,267.79,5
c1MzOVVhbWxmaTg=,7,272.862,311.2,5
c1MzOVVhbWxmaTg=,8,311.61,318.516,9
c1MzOVVhbWxmaTg=,9,318.536,427.692,-1
c1MzOVVhbWxmaTg=,12,443.272,459.733,26
bU4zN09RNURUdnc=,0,0.029,506.87,-1
Sk9jNzdiZi0tNjQ=,0,0.964,78.88499999999999,-1
Sk9jNzdiZi0tNjQ=,1,79.861,92.136,7
Sk9jNzdiZi0tNjQ=,2,96.096,154.794,17
Sk9jNzdiZi0tNjQ=,3,154.864,173.06900000000002,0
Sk9jNzdiZi0tNjQ=,4,175.899,191.346,6
Sk9jNzdiZi0tNjQ=,5,195.822,289.608,17
U28tYjZBMmxOQVk=,0,1.386,24.194999999999997,13
U28tYjZBMmxOQVk=,1,28.567,65.442,13
U28tYjZBMmxOQVk=,2,66.532,80.967,16
U28tYjZBMmxOQVk=,3,85.106,112.071,16
U28tYjZBMmxOQVk=,5,124.984,154.121,16
U28tYjZBMmxOQVk=,7,162.02,229.406,16
U28tYjZBMmxOQVk=,8,230.968,258.479,13
U28tYjZBMmxOQVk=,9,261.633,301.22,-1
U28tYjZBMmxOQVk=,10,303.124,321.704,18
U28tYjZBMmxOQVk=,11,324.751,372.759,18
U28tYjZBMmxOQVk=,12,374.512,393.12600000000003,18
U28tYjZBMmxOQVk=,13,397.176,487.976,16
U28tYjZBMmxOQVk=,14,489.455,516.57,16
U28tYjZBMmxOQVk=,15,520.297,532.864,1
U28tYjZBMmxOQVk=,16,533.125,544.221,1
U28tYjZBMmxOQVk=,17,546.804,612.981,-1
Q2RiRDF6eThNeUE=,0,0.83,16.442999999999998,-1
Q2RiRDF6eThNeUE=,1,16.853,38.754000000000005,-1
Q2RiRDF6eThNeUE=,2,38.804,57.833000000000006,0
Q2RiRDF6eThNeUE=,3,57.863,75.38,4
Q2RiRDF6eThNeUE=,4,75.45,185.779,-1
Q2RiRDF6eThNeUE=,5,188.387,206.096,19
Q2RiRDF6eThNeUE=,6,209.753,343.974,2
Q2RiRDF6eThNeUE=,7,345.743,371.647,19
Q2RiRDF6eThNeUE=,8,375.526,427.378,-1
Q2RiRDF6eThNeUE=,9,428.47,445.402,19
Q2RiRDF6eThNeUE=,10,449.176,527.626,0
aWgza1JMdjJWXzg=,0,0.71,15.896,27
aWgza1JMdjJWXzg=,1,19.012,37.261,2
aWgza1JMdjJWXzg=,2,38.272,55.812,24
aWgza1JMdjJWXzg=,3,56.545,96.658,-1
aWgza1JMdjJWXzg=,4,99.879,110.115,-1
aWgza1JMdjJWXzg=,5,114.472,170.209,-1
aWgza1JMdjJWXzg=,6,170.239,178.989,-1
aWgza1JMdjJWXzg=,7,183.311,235.24200000000002,24
aWgza1JMdjJWXzg=,8,236.679,250.256,-1
aWgza1JMdjJWXzg=,9,250.286,289.92,3
aWgza1JMdjJWXzg=,10,291.22,299.058,-1
aWgza1JMdjJWXzg=,11,303.124,330.882,-1
aWgza1JMdjJWXzg=,12,332.265,345.418,-1
aWgza1JMdjJWXzg=,14,362.319,374.295,26
Q1oxQlZKek92UEU=,0,0.922,14.591000000000001,30
Q1oxQlZKek92UEU=,1,18.163,91.14399999999999,30
Q1oxQlZKek92UEU=,2,91.749,109.184,-1
Q1oxQlZKek92UEU=,3,113.169,211.578,0
Q1oxQlZKek92UEU=,5,221.438,245.92000000000002,0
Q1oxQlZKek92UEU=,6,249.27,270.03700000000003,0
Q1oxQlZKek92UEU=,7,273.815,351.883,0
Q1oxQlZKek92UEU=,8,353.815,366.297,19
OU5wdHFsRTRKaTQ=,0,0.389,14.574,11
OU5wdHFsRTRKaTQ=,1,16.241,79.698,0
OU5wdHFsRTRKaTQ=,3,83.428,157.398,4
OU5wdHFsRTRKaTQ=,4,157.668,178.895,0
OU5wdHFsRTRKaTQ=,5,179.065,212.375,-1
OU5wdHFsRTRKaTQ=,6,213.462,260.652,-1
OU5wdHFsRTRKaTQ=,7,262.662,346.052,-1
cHFUZ1ZUZm10Skk=,0,0.169,71.518,1
cHFUZ1ZUZm10Skk=,1,75.718,153.69500000000002,1
cHFUZ1ZUZm10Skk=,2,155.538,180.07600000000002,1
cHFUZ1ZUZm10Skk=,4,190.681,212.48700000000002,16
cHFUZ1ZUZm10Skk=,5,212.537,222.946,1
cHFUZ1ZUZm10Skk=,6,223.586,245.87900000000002,16
cHFUZ1ZUZm10Skk=,8,254.608,285.403,-1
cHFUZ1ZUZm10Skk=,11,296.305,313.911,12
cHFUZ1ZUZm10Skk=,12,315.3,334.122,1
cHFUZ1ZUZm10Skk=,13,334.192,379.183,1
cHFUZ1ZUZm10Skk=,14,379.213,388.075,-1
cHFUZ1ZUZm10Skk=,15,390.061,432.617,1
cHFUZ1ZUZm10Skk=,16,435.211,450.164,1
cHFUZ1ZUZm10Skk=,17,452.175,495.94100000000003,1
cHFUZ1ZUZm10Skk=,19,511.342,561.25,1
Zi0tLVhUMVRJMWc=,0,0.089,24.843,30
Zi0tLVhUMVRJMWc=,1,25.896,92.10199999999999,30
Zi0tLVhUMVRJMWc=,2,92.132,112.267,30
Zi0tLVhUMVRJMWc=,3,113.147,140.994,-1
Zi0tLVhUMVRJMWc=,5,142.545,172.912,0
Zi0tLVhUMVRJMWc=,6,173.282,196.126,0
Zi0tLVhUMVRJMWc=,7,196.416,250.562,0
Zi0tLVhUMVRJMWc=,8,250.592,264.298,0
Zi0tLVhUMVRJMWc=,9,264.608,332.524,0
Zi0tLVhUMVRJMWc=,10,332.688,348.36400000000003,-1
eWFydk5iMGE5eDA=,2,8.856,19.976,0
eWFydk5iMGE5eDA=,3,20.486,56.851,3
eWFydk5iMGE5eDA=,5,64.992,96.64699999999999,-1
eWFydk5iMGE5eDA=,6,96.957,110.0,6
eWFydk5iMGE5eDA=,7,111.639,146.858,6
eWFydk5iMGE5eDA=,8,147.909,161.82600000000002,3
eWFydk5iMGE5eDA=,9,162.398,198.05100000000002,-1
eWFydk5iMGE5eDA=,10,198.102,216.823,-1
eWFydk5iMGE5eDA=,11,218.442,287.615,-1
MEs1UmI3d3llcm8=,1,7.872,19.927,22
MEs1UmI3d3llcm8=,4,34.236,50.586,13
MEs1UmI3d3llcm8=,5,56.565,114.28399999999999,22
MEs1UmI3d3llcm8=,6,115.513,126.714,22
MEs1UmI3d3llcm8=,7,131.039,159.198,22
MEs1UmI3d3llcm8=,8,161.005,195.842,13
MEs1UmI3d3llcm8=,9,199.54,277.21500000000003,13
MEs1UmI3d3llcm8=,10,278.217,292.86400000000003,22
MEs1UmI3d3llcm8=,11,296.824,354.18600000000004,22
ZThKTlQxc2ZwdkE=,1,14.619,56.661,4
ZThKTlQxc2ZwdkE=,2,60.584,83.538,2
ZThKTlQxc2ZwdkE=,3,87.517,188.29000000000002,-1
ZThKTlQxc2ZwdkE=,4,189.632,209.83200000000002,4
ZThKTlQxc2ZwdkE=,5,213.617,295.517,20
MTVpSl9DMHhqYjA=,0,0.282,15.229000000000001,2
MTVpSl9DMHhqYjA=,1,15.799,42.933,2
MTVpSl9DMHhqYjA=,2,47.163,81.999,-1
MTVpSl9DMHhqYjA=,3,82.049,99.422,27
MTVpSl9DMHhqYjA=,4,100.687,143.3,-1
MTVpSl9DMHhqYjA=,5,143.35,163.471,-1
MTVpSl9DMHhqYjA=,7,173.31,190.882,2
MTVpSl9DMHhqYjA=,8,195.607,273.772,17
MTVpSl9DMHhqYjA=,9,275.003,289.616,2
MTVpSl9DMHhqYjA=,10,294.128,373.669,-1
TG0tbUhCczhIY0k=,0,1.03,33.026,-1
TG0tbUhCczhIY0k=,1,35.294,70.81899999999999,-1
TG0tbUhCczhIY0k=,2,70.849,82.52499999999999,-1
TG0tbUhCczhIY0k=,3,83.755,100.92099999999999,-1
TG0tbUhCczhIY0k=,4,101.394,116.515,0
TG0tbUhCczhIY0k=,5,116.565,156.65300000000002,-1
TG0tbUhCczhIY0k=,6,158.825,174.01600000000002,-1
TG0tbUhCczhIY0k=,7,178.31,249.966,20
TG0tbUhCczhIY0k=,8,251.116,273.718,-1
TG0tbUhCczhIY0k=,9,277.711,367.48,8
YlZ5TF9JNXYwUnc=,0,0.589,31.177,-1
YlZ5TF9JNXYwUnc=,1,34.129,119.463,0
YlZ5TF9JNXYwUnc=,2,120.514,131.074,9
YlZ5TF9JNXYwUnc=,3,131.124,143.184,0
YlZ5TF9JNXYwUnc=,4,145.996,208.092,5
YlZ5TF9JNXYwUnc=,5,210.527,231.805,-1
YlZ5TF9JNXYwUnc=,9,248.783,279.858,-1
YlZ5TF9JNXYwUnc=,12,298.151,311.508,18
ZHZ6LXpWS0EzV2s=,0,0.149,38.683,2
ZHZ6LXpWS0EzV2s=,1,43.861,133.89100000000002,3
ZHZ6LXpWS0EzV2s=,2,134.631,148.149,2
ZHZ6LXpWS0EzV2s=,3,152.721,259.003,3
ZHZ6LXpWS0EzV2s=,4,260.674,274.05,2
ZHZ6LXpWS0EzV2s=,5,277.484,367.32,-1
ZHZ6LXpWS0EzV2s=,6,369.051,391.812,0
ZHZ6LXpWS0EzV2s=,7,395.599,476.945,0
REJSOTVWRkVnS1U=,3,14.48,65.89699999999999,5
REJSOTVWRkVnS1U=,4,66.067,84.184,-1
REJSOTVWRkVnS1U=,5,84.745,150.055,15
REJSOTVWRkVnS1U=,6,150.385,163.841,-1
REJSOTVWRkVnS1U=,7,164.878,213.10000000000002,-1
REJSOTVWRkVnS1U=,8,213.667,235.589,5
REJSOTVWRkVnS1U=,9,236.176,299.211,-1
REJSOTVWRkVnS1U=,10,299.841,332.172,3
REJSOTVWRkVnS1U=,11,332.222,399.981,28
REJSOTVWRkVnS1U=,12,399.991,416.241,28
REJSOTVWRkVnS1U=,13,416.271,464.289,16
a1RnQnhPQURoQnM=,2,9.958,25.282,1
a1RnQnhPQURoQnM=,3,27.914,86.91199999999999,1
a1RnQnhPQURoQnM=,4,87.865,100.878,-1
a1RnQnhPQURoQnM=,5,102.657,176.87900000000002,1
a1RnQnhPQURoQnM=,7,184.346,252.085,1
a1RnQnhPQURoQnM=,8,253.604,272.605,1
a1RnQnhPQURoQnM=,9,274.622,328.07800000000003,1
a1RnQnhPQURoQnM=,10,328.697,338.00100000000003,1
a1RnQnhPQURoQnM=,11,341.376,377.86,1
VzVnUDdxd3lFbXc=,0,0.77,23.738,1
VzVnUDdxd3lFbXc=,1,24.735,32.292,-1
VzVnUDdxd3lFbXc=,2,33.603,50.748000000000005,1
VzVnUDdxd3lFbXc=,3,52.421,85.01899999999999,1
VzVnUDdxd3lFbXc=,4,85.069,95.788,1
VzVnUDdxd3lFbXc=,5,97.857,220.93800000000002,1
VzVnUDdxd3lFbXc=,6,220.988,246.018,1
VzVnUDdxd3lFbXc=,7,247.24,297.60900000000004,1
VzVnUDdxd3lFbXc=,8,297.819,318.73400000000004,1
VzVnUDdxd3lFbXc=,11,326.347,383.38800000000003,1
VzVnUDdxd3lFbXc=,12,383.438,397.742,1
VzVnUDdxd3lFbXc=,13,399.0,453.567,1
VzVnUDdxd3lFbXc=,15,459.72,502.552,1
VzVnUDdxd3lFbXc=,17,507.863,602.042,-1
NGlOQUdZeC1MdlU=,0,0.51,11.695,20
NGlOQUdZeC1MdlU=,1,13.183,83.541,8
NGlOQUdZeC1MdlU=,2,84.475,104.65299999999999,0
NGlOQUdZeC1MdlU=,3,105.402,182.138,0
NGlOQUdZeC1MdlU=,4,183.052,205.63400000000001,0
NGlOQUdZeC1MdlU=,5,206.613,339.181,8
YnhaQWlmM3pxYUE=,0,1.461,307.61400000000003,11
emFWc0xxdktJb1U=,0,0.509,40.109,0
emFWc0xxdktJb1U=,1,43.78,136.699,0
emFWc0xxdktJb1U=,3,146.059,203.08,0
emFWc0xxdktJb1U=,4,204.466,221.132,0
emFWc0xxdktJb1U=,5,224.93,301.952,0
Wkl0QzIwTzFacVk=,0,0.209,12.843,0
Wkl0QzIwTzFacVk=,1,12.893,23.506999999999998,-1
Wkl0QzIwTzFacVk=,2,25.938,181.68300000000002,0
Wkl0QzIwTzFacVk=,4,186.077,263.356,0
Wkl0QzIwTzFacVk=,6,269.929,319.812,0
Wkl0QzIwTzFacVk=,8,328.148,338.22700000000003,30
Wkl0QzIwTzFacVk=,10,343.418,384.64,0
RGpXVW90cTdQWDQ=,1,0.746,30.336,2
RGpXVW90cTdQWDQ=,2,31.614,255.684,3
RGpXVW90cTdQWDQ=,3,255.734,293.571,5
RGpXVW90cTdQWDQ=,4,293.601,432.276,5
RGpXVW90cTdQWDQ=,5,432.526,466.576,2
RGpXVW90cTdQWDQ=,6,466.966,596.537,3
THlyODhPSDU3aW8=,0,0.525,43.703,-1
THlyODhPSDU3aW8=,1,47.259,144.681,-1
THlyODhPSDU3aW8=,2,145.712,156.14700000000002,3
THlyODhPSDU3aW8=,3,159.975,237.785,3
THlyODhPSDU3aW8=,4,239.096,256.075,20
THlyODhPSDU3aW8=,5,259.722,297.374,4
RUNKMVpjNHdObms=,0,0.484,15.678,2
RUNKMVpjNHdObms=,1,19.714,100.258,-1
RUNKMVpjNHdObms=,2,100.308,111.923,17
RUNKMVpjNHdObms=,3,116.793,213.90800000000002,17
RUNKMVpjNHdObms=,4,214.679,225.555,-1
RUNKMVpjNHdObms=,5,230.247,310.568,7
U2pRMWlRRGFqNVk=,0,0.129,37.386,-1
U2pRMWlRRGFqNVk=,1,39.258,75.719,4
U2pRMWlRRGFqNVk=,2,78.382,100.651,-1
U2pRMWlRRGFqNVk=,3,105.1,190.21800000000002,-1
U2pRMWlRRGFqNVk=,4,191.008,204.538,13
U2pRMWlRRGFqNVk=,5,208.622,265.629,-1
U2pRMWlRRGFqNVk=,9,294.383,310.94800000000004,26
YVRSSDcteGEwSkk=,2,7.791,51.204,-1
YVRSSDcteGEwSkk=,3,51.534,61.043,-1
YVRSSDcteGEwSkk=,4,62.449,108.31099999999999,27
YVRSSDcteGEwSkk=,6,114.278,150.264,10
YVRSSDcteGEwSkk=,8,155.035,191.255,15
YVRSSDcteGEwSkk=,9,191.545,207.122,2
YVRSSDcteGEwSkk=,10,208.512,266.75,27
YVRSSDcteGEwSkk=,11,266.78,279.041,-1
YVRSSDcteGEwSkk=,12,280.166,338.09000000000003,3
YVRSSDcteGEwSkk=,13,338.82,350.58,23
YVRSSDcteGEwSkk=,14,350.61,399.272,10
YVRSSDcteGEwSkk=,15,399.602,409.547,15
YVRSSDcteGEwSkk=,16,410.848,468.433,15
YVRSSDcteGEwSkk=,17,468.483,476.44,15
YVRSSDcteGEwSkk=,18,478.872,508.217,15
SmItM2VkSFU2Rjg=,1,9.561,746.129,10
SmItM2VkSFU2Rjg=,3,759.436,788.049,2
SmItM2VkSFU2Rjg=,4,789.126,917.845,5
SmItM2VkSFU2Rjg=,6,928.471,964.104,15
SmItM2VkSFU2Rjg=,7,964.81,1045.942,-1
SmItM2VkSFU2Rjg=,8,1047.961,1076.985,-1
SmItM2VkSFU2Rjg=,9,1079.68,1160.571,-1
SmItM2VkSFU2Rjg=,10,1162.602,1188.86,-1
SmItM2VkSFU2Rjg=,11,1188.89,1230.478,-1
SmItM2VkSFU2Rjg=,12,1235.598,1368.045,-1
SmItM2VkSFU2Rjg=,14,1372.338,1418.869,-1
eWRCSE9DU1lyS3M=,2,6.076,15.353,5
eWRCSE9DU1lyS3M=,3,15.403,121.90299999999999,15
eWRCSE9DU1lyS3M=,4,121.933,138.827,-1
eWRCSE9DU1lyS3M=,5,138.857,240.0,5
eWRCSE9DU1lyS3M=,6,240.575,256.604,5
eWRCSE9DU1lyS3M=,7,257.014,266.707,18
eWRCSE9DU1lyS3M=,9,268.877,331.73900000000003,18
eWRCSE9DU1lyS3M=,10,332.089,340.033,3
eWRCSE9DU1lyS3M=,11,340.093,407.509,-1
eWRCSE9DU1lyS3M=,12,409.437,425.39,28
eWRCSE9DU1lyS3M=,13,427.131,497.552,18
eWRCSE9DU1lyS3M=,14,497.922,512.543,16
eWRCSE9DU1lyS3M=,15,512.573,522.631,30
eWRCSE9DU1lyS3M=,17,528.366,564.591,18
MzI4NGxfMmtuMUU=,0,0.009,19.462999999999997,-1
MzI4NGxfMmtuMUU=,1,19.913,129.09,21
MzI4NGxfMmtuMUU=,2,129.16,158.14600000000002,-1
MzI4NGxfMmtuMUU=,3,160.889,284.024,0
MzI4NGxfMmtuMUU=,4,284.474,300.97700000000003,-1
RUF0TGkwZFBfR3c=,0,1.323,14.363,24
RUF0TGkwZFBfR3c=,1,19.097,118.877,24
RUF0TGkwZFBfR3c=,2,119.747,128.663,3
RUF0TGkwZFBfR3c=,3,133.441,197.398,0
RUF0TGkwZFBfR3c=,4,204.638,243.485,0
RUF0TGkwZFBfR3c=,5,255.294,287.974,-1
RUF0TGkwZFBfR3c=,6,288.984,296.589,24
YURxWV92T0dvUlk=,2,10.948,31.503999999999998,3
YURxWV92T0dvUlk=,3,33.996,84.288,-1
YURxWV92T0dvUlk=,5,92.856,139.781,0
YURxWV92T0dvUlk=,6,141.394,168.871,4
YURxWV92T0dvUlk=,7,171.201,244.604,4
YURxWV92T0dvUlk=,8,244.634,259.75600000000003,20
YURxWV92T0dvUlk=,9,261.932,322.512,10
YURxWV92T0dvUlk=,10,324.898,343.063,-1
YURxWV92T0dvUlk=,11,345.402,405.575,-1
YURxWV92T0dvUlk=,12,407.245,422.21000000000004,15
YURxWV92T0dvUlk=,13,422.24,457.495,4
RUVjMlRMT0lMVTA=,0,0.742,44.585,7
RUVjMlRMT0lMVTA=,1,46.9,128.9,7
RUVjMlRMT0lMVTA=,2,131.039,172.029,7
RUVjMlRMT0lMVTA=,3,174.449,207.458,7
RUVjMlRMT0lMVTA=,4,209.228,246.693,-1
RUVjMlRMT0lMVTA=,5,249.142,300.684,7
RUVjMlRMT0lMVTA=,6,302.279,324.773,7
RUVjMlRMT0lMVTA=,7,327.586,369.651,7
U1A0WGtqUEQwT0U=,0,0.644,10.176,7
U1A0WGtqUEQwT0U=,2,11.006,29.439,7
U1A0WGtqUEQwT0U=,3,30.748,80.893,7
U1A0WGtqUEQwT0U=,6,91.853,106.97699999999999,12
U1A0WGtqUEQwT0U=,7,107.627,141.317,7
U1A0WGtqUEQwT0U=,8,142.148,164.29600000000002,7
U1A0WGtqUEQwT0U=,9,165.767,192.616,7
U1A0WGtqUEQwT0U=,10,193.436,202.81400000000002,7
U1A0WGtqUEQwT0U=,11,202.844,261.846,7
U1A0WGtqUEQwT0U=,12,262.356,275.798,7
U1A0WGtqUEQwT0U=,13,275.869,313.483,12
NDQ3RUJUczRkTE0=,0,0.309,200.624,-1
NDQ3RUJUczRkTE0=,4,215.354,289.423,5
NDQ3RUJUczRkTE0=,5,300.772,676.249,5
NDQ3RUJUczRkTE0=,6,683.54,718.672,-1
NDQ3RUJUczRkTE0=,7,719.557,909.877,-1
NDQ3RUJUczRkTE0=,9,915.01,928.778,-1
c0FiRGkyUE1ucVE=,0,24.469,50.009,-1
c0FiRGkyUE1ucVE=,1,51.821,472.853,-1
c0FiRGkyUE1ucVE=,3,481.408,865.561,1
c0FiRGkyUE1ucVE=,5,867.212,962.615,1
c0FiRGkyUE1ucVE=,6,965.313,982.79,-1
c0FiRGkyUE1ucVE=,7,997.214,1070.08,1
c0FiRGkyUE1ucVE=,9,1096.215,1215.279,1
c0FiRGkyUE1ucVE=,10,1218.158,1324.362,1
c0FiRGkyUE1ucVE=,13,1351.238,1375.6490000000001,-1
c0FiRGkyUE1ucVE=,15,1387.862,1426.97,1
c0FiRGkyUE1ucVE=,16,1428.26,1438.994,1
c0FiRGkyUE1ucVE=,17,1444.565,1502.65,1
c0FiRGkyUE1ucVE=,19,1521.205,1646.687,1
c0FiRGkyUE1ucVE=,21,1669.708,1734.441,1
SnZLM0c0eDBpTmc=,0,0.009,19.715,10
SnZLM0c0eDBpTmc=,1,20.427,37.736000000000004,3
SnZLM0c0eDBpTmc=,2,38.226,53.595,3
SnZLM0c0eDBpTmc=,3,54.185,67.991,3
SnZLM0c0eDBpTmc=,4,69.122,90.69399999999999,0
SnZLM0c0eDBpTmc=,5,92.466,128.30200000000002,3
SnZLM0c0eDBpTmc=,6,128.352,159.604,3
SnZLM0c0eDBpTmc=,7,159.654,219.37,3
SnZLM0c0eDBpTmc=,8,220.02,254.359,-1
SnZLM0c0eDBpTmc=,9,254.389,303.57800000000003,0
a1NVVFM0SVBOXzQ=,0,0.51,14.938,-1
a1NVVFM0SVBOXzQ=,1,15.248,238.048,-1
a1NVVFM0SVBOXzQ=,3,241.119,305.047,0
MFFLN3ZHNTExS0k=,0,0.109,8.121,-1
MFFLN3ZHNTExS0k=,4,37.248,90.166,-1
MFFLN3ZHNTExS0k=,10,118.363,235.191,0
MFFLN3ZHNTExS0k=,12,241.505,269.185,0
MFFLN3ZHNTExS0k=,16,283.264,323.541,0
MFFLN3ZHNTExS0k=,20,351.632,417.284,0
MFFLN3ZHNTExS0k=,22,432.638,471.682,-1
MFFLN3ZHNTExS0k=,24,473.293,982.347,19
MFFLN3ZHNTExS0k=,25,994.304,1072.97,-1
aWNFTV8tVjlhYVk=,0,0.409,12.93,4
aWNFTV8tVjlhYVk=,1,13.636,72.487,20
aWNFTV8tVjlhYVk=,2,72.837,108.627,4
aWNFTV8tVjlhYVk=,3,108.997,185.417,-1
aWNFTV8tVjlhYVk=,4,185.447,211.863,-1
aWNFTV8tVjlhYVk=,7,219.947,279.935,-1
aWNFTV8tVjlhYVk=,9,285.008,313.165,20
NHNNSGZJZjBqZkk=,0,0.549,11.125,9
NHNNSGZJZjBqZkk=,7,65.26,81.902,14
NHNNSGZJZjBqZkk=,8,81.932,104.53099999999999,14
NHNNSGZJZjBqZkk=,11,115.971,145.864,-1
NHNNSGZJZjBqZkk=,12,145.914,161.17000000000002,1
NHNNSGZJZjBqZkk=,15,184.381,206.614,-1
NHNNSGZJZjBqZkk=,16,207.465,223.698,9
NHNNSGZJZjBqZkk=,17,223.748,241.101,-1
NHNNSGZJZjBqZkk=,22,274.446,286.729,1
WDd1OXVwa0hyb1k=,0,0.089,19.788999999999998,4
WDd1OXVwa0hyb1k=,1,19.839,79.53999999999999,-1
WDd1OXVwa0hyb1k=,2,81.303,99.901,-1
WDd1OXVwa0hyb1k=,3,103.233,175.305,4
WDd1OXVwa0hyb1k=,5,186.0,235.35600000000002,-1
WDd1OXVwa0hyb1k=,6,237.828,265.541,28
WDd1OXVwa0hyb1k=,7,268.52,346.303,25
U2ZTcE5ISWIxRFk=,0,0.109,21.915,-1
U2ZTcE5ISWIxRFk=,1,28.466,64.029,0
U2ZTcE5ISWIxRFk=,2,66.843,81.01599999999999,0
U2ZTcE5ISWIxRFk=,3,89.077,156.84,0
U2ZTcE5ISWIxRFk=,4,158.129,170.31300000000002,-1
U2ZTcE5ISWIxRFk=,5,179.774,237.45600000000002,0
U2ZTcE5ISWIxRFk=,6,237.486,259.15000000000003,0
U2ZTcE5ISWIxRFk=,7,266.975,289.41700000000003,0
U2ZTcE5ISWIxRFk=,9,290.508,321.354,0
U2ZTcE5ISWIxRFk=,13,346.947,386.898,-1
U2ZTcE5ISWIxRFk=,14,388.248,408.45300000000003,6
U2ZTcE5ISWIxRFk=,15,420.013,505.285,-1
U2ZTcE5ISWIxRFk=,17,515.78,536.715,17
U2ZTcE5ISWIxRFk=,18,538.13,545.8050000000001,-1
cGw0ZlRuTWgtMzQ=,0,0.029,39.457,11
cGw0ZlRuTWgtMzQ=,1,39.507,78.518,-1
cGw0ZlRuTWgtMzQ=,2,79.268,116.80399999999999,6
cGw0ZlRuTWgtMzQ=,3,117.995,164.93300000000002,6
cGw0ZlRuTWgtMzQ=,4,164.963,188.226,6
cGw0ZlRuTWgtMzQ=,5,188.276,249.62900000000002,6
cGw0ZlRuTWgtMzQ=,6,249.659,290.77500000000003,-1
cGw0ZlRuTWgtMzQ=,7,292.484,322.701,6
UDhjbWtJSmlyS00=,0,0.369,17.337999999999997,-1
UDhjbWtJSmlyS00=,1,18.05,32.009,-1
UDhjbWtJSmlyS00=,2,34.38,46.838,-1
UDhjbWtJSmlyS00=,3,51.625,117.15599999999999,10
UDhjbWtJSmlyS00=,4,119.544,167.054,-1
UDhjbWtJSmlyS00=,5,167.104,190.061,10
UDhjbWtJSmlyS00=,6,190.131,199.107,20
UDhjbWtJSmlyS00=,7,199.817,215.037,10
UDhjbWtJSmlyS00=,8,215.867,259.201,-1
UDhjbWtJSmlyS00=,9,265.487,286.988,-1
UDhjbWtJSmlyS00=,10,292.017,386.52,-1
UDhjbWtJSmlyS00=,12,397.568,412.389,-1
UDhjbWtJSmlyS00=,13,416.189,480.296,20
UDhjbWtJSmlyS00=,14,482.034,502.819,-1
UDhjbWtJSmlyS00=,15,506.678,568.41,0
UDhjbWtJSmlyS00=,18,588.742,600.962,26
V21mSTc5dWdrLVE=,0,0.589,15.188,-1
V21mSTc5dWdrLVE=,1,15.218,120.344,-1
V21mSTc5dWdrLVE=,2,123.883,143.02100000000002,-1
V21mSTc5dWdrLVE=,3,145.425,166.31400000000002,12
V21mSTc5dWdrLVE=,4,167.642,179.91500000000002,-1
V21mSTc5dWdrLVE=,5,182.165,221.09400000000002,12
V21mSTc5dWdrLVE=,7,235.894,288.25100000000003,12
V21mSTc5dWdrLVE=,9,296.375,358.135,12
UFVQaUVYZzFfT2s=,0,0.329,131.354,8
UFVQaUVYZzFfT2s=,1,133.164,180.43800000000002,8
UFVQaUVYZzFfT2s=,2,183.297,307.841,8
SFpELVZxakZzMHc=,2,13.607,22.139,1
SFpELVZxakZzMHc=,3,26.084,51.678000000000004,1
SFpELVZxakZzMHc=,5,63.431,77.74499999999999,1
SFpELVZxakZzMHc=,6,79.122,97.904,1
SFpELVZxakZzMHc=,7,101.653,124.98299999999999,1
SFpELVZxakZzMHc=,8,126.147,144.60000000000002,1
SFpELVZxakZzMHc=,9,148.49,179.67100000000002,1
SFpELVZxakZzMHc=,10,179.721,194.20100000000002,14
SFpELVZxakZzMHc=,11,198.144,230.234,1
SFpELVZxakZzMHc=,12,231.345,243.02100000000002,1
SFpELVZxakZzMHc=,13,247.077,262.497,1
SFpELVZxakZzMHc=,14,264.261,280.959,1
SFpELVZxakZzMHc=,15,284.953,321.869,1
SFpELVZxakZzMHc=,16,322.958,338.562,9
SFpELVZxakZzMHc=,17,342.603,385.339,1
SFpELVZxakZzMHc=,18,386.761,398.206,9
SFpELVZxakZzMHc=,19,402.193,434.76300000000003,9
SFpELVZxakZzMHc=,21,444.995,460.526,1
SFpELVZxakZzMHc=,22,460.546,471.624,-1
SFpELVZxakZzMHc=,23,475.519,491.145,-1
S1JYWUhrbnVJUUE=,0,0.249,32.033,11
S1JYWUhrbnVJUUE=,1,33.733,85.521,0
S1JYWUhrbnVJUUE=,3,97.274,122.93299999999999,29
S1JYWUhrbnVJUUE=,4,123.783,142.27100000000002,4
S1JYWUhrbnVJUUE=,7,164.749,179.537,10
S1JYWUhrbnVJUUE=,14,225.548,254.21200000000002,3
S1JYWUhrbnVJUUE=,17,283.041,318.55,-1
S1JYWUhrbnVJUUE=,18,319.901,339.289,-1
S1JYWUhrbnVJUUE=,19,339.779,372.91200000000003,-1
S1JYWUhrbnVJUUE=,20,372.942,398.457,3
S1JYWUhrbnVJUUE=,21,401.994,441.104,15
S1JYWUhrbnVJUUE=,23,450.086,465.906,-1
S1JYWUhrbnVJUUE=,25,473.883,502.34000000000003,29
S1JYWUhrbnVJUUE=,27,504.271,527.539,23
S1JYWUhrbnVJUUE=,29,532.758,548.998,23
S1JYWUhrbnVJUUE=,37,593.406,606.022,-1
S1JYWUhrbnVJUUE=,38,606.372,631.932,2
S1JYWUhrbnVJUUE=,40,644.004,714.097,-1
S1JYWUhrbnVJUUE=,41,715.658,743.183,4
S1JYWUhrbnVJUUE=,42,746.647,779.115,-1
S1JYWUhrbnVJUUE=,43,779.165,812.407,4
S1JYWUhrbnVJUUE=,46,828.543,869.385,-1
S1JYWUhrbnVJUUE=,47,870.456,894.9060000000001,11
SVdhN3lPWHBPRUk=,0,1.81,28.897,2
SVdhN3lPWHBPRUk=,1,31.71,98.36999999999999,-1
SVdhN3lPWHBPRUk=,2,98.68,112.722,-1
SVdhN3lPWHBPRUk=,3,112.752,129.181,2
SVdhN3lPWHBPRUk=,4,132.114,149.145,2
SVdhN3lPWHBPRUk=,5,154.467,221.71900000000002,-1
SVdhN3lPWHBPRUk=,6,221.769,241.05800000000002,2
SVdhN3lPWHBPRUk=,7,246.158,314.98,3
NEhXVHRLTlpPbnM=,0,1.175,11.615,19
NEhXVHRLTlpPbnM=,2,15.894,41.115,0
NEhXVHRLTlpPbnM=,3,43.677,55.511,1
NEhXVHRLTlpPbnM=,4,55.561,67.196,0
NEhXVHRLTlpPbnM=,5,69.838,89.181,0
NEhXVHRLTlpPbnM=,6,90.638,109.969,4
NEhXVHRLTlpPbnM=,7,112.619,168.14600000000002,4
NEhXVHRLTlpPbnM=,8,169.338,186.946,-1
NEhXVHRLTlpPbnM=,9,189.697,226.44,4
NEhXVHRLTlpPbnM=,10,227.927,247.103,-1
NEhXVHRLTlpPbnM=,11,247.173,278.627,0
MEgtekJiLS1qS2s=,0,0.469,10.246,-1
MEgtekJiLS1qS2s=,1,10.276,210.621,-1
MEgtekJiLS1qS2s=,2,211.608,223.49,-1
MEgtekJiLS1qS2s=,3,224.176,293.226,1
c2x6bHQ0M09HU0k=,0,1.643,16.084999999999997,10
c2x6bHQ0M09HU0k=,1,16.115,30.116999999999997,2
c2x6bHQ0M09HU0k=,2,33.039,84.366,0
c2x6bHQ0M09HU0k=,3,84.416,98.577,-1
c2x6bHQ0M09HU0k=,4,98.627,109.487,4
c2x6bHQ0M09HU0k=,6,120.126,137.16500000000002,2
c2x6bHQ0M09HU0k=,8,150.297,224.34,17
c2x6bHQ0M09HU0k=,9,225.552,237.88500000000002,6
c2x6bHQ0M09HU0k=,10,242.317,334.28000000000003,-1
elpFTW8tZDR3RjA=,0,0.309,21.331,-1
elpFTW8tZDR3RjA=,1,23.798,37.693000000000005,-1
elpFTW8tZDR3RjA=,2,37.743,60.356,16
elpFTW8tZDR3RjA=,3,60.866,76.502,-1
elpFTW8tZDR3RjA=,4,76.952,98.871,4
elpFTW8tZDR3RjA=,5,99.506,115.503,-1
elpFTW8tZDR3RjA=,6,115.873,134.14100000000002,3
elpFTW8tZDR3RjA=,8,146.521,158.28,-1
elpFTW8tZDR3RjA=,9,160.678,243.64000000000001,-1
elpFTW8tZDR3RjA=,11,253.57,293.90500000000003,-1
elpFTW8tZDR3RjA=,12,296.085,340.668,-1
elpFTW8tZDR3RjA=,13,344.858,354.34000000000003,-1
elpFTW8tZDR3RjA=,14,356.076,440.777,-1
elpFTW8tZDR3RjA=,16,445.778,458.038,-1
R0xzM2FVVE9sc00=,0,0.269,25.790999999999997,14
R0xzM2FVVE9sc00=,1,28.968,88.20899999999999,14
R0xzM2FVVE9sc00=,2,91.636,117.217,-1
R0xzM2FVVE9sc00=,3,120.005,157.625,9
R0xzM2FVVE9sc00=,5,165.598,194.14100000000002,1
R0xzM2FVVE9sc00=,6,195.465,215.376,14
R0xzM2FVVE9sc00=,7,218.001,292.301,14
R0xzM2FVVE9sc00=,8,293.485,305.565,14
R0xzM2FVVE9sc00=,9,307.812,359.955,1
R0xzM2FVVE9sc00=,10,361.301,375.557,-1
R0xzM2FVVE9sc00=,11,379.869,456.52500000000003,9
WHR3U1JiZlpOQ2c=,0,0.089,6.724,11
WHR3U1JiZlpOQ2c=,2,7.835,19.915,-1
WHR3U1JiZlpOQ2c=,3,20.72,42.997,3
WHR3U1JiZlpOQ2c=,5,47.259,95.05999999999999,10
WHR3U1JiZlpOQ2c=,6,95.453,106.60799999999999,-1
WHR3U1JiZlpOQ2c=,7,106.678,135.63500000000002,-1
WHR3U1JiZlpOQ2c=,8,138.354,148.409,-1
WHR3U1JiZlpOQ2c=,9,150.026,229.792,3
WHR3U1JiZlpOQ2c=,11,235.885,287.119,-1
WHR3U1JiZlpOQ2c=,12,287.931,298.76300000000003,4
WHR3U1JiZlpOQ2c=,13,298.813,351.94,21
WHR3U1JiZlpOQ2c=,14,351.99,362.245,4
WHR3U1JiZlpOQ2c=,15,362.615,402.402,4
WHR3U1JiZlpOQ2c=,17,413.947,462.802,3
WHR3U1JiZlpOQ2c=,18,463.639,485.15000000000003,0
WHR3U1JiZlpOQ2c=,19,485.7,578.323,20
QnZjT2UyT3NMUmM=,1,11.522,85.24499999999999,0
QnZjT2UyT3NMUmM=,2,92.004,110.689,6
QnZjT2UyT3NMUmM=,3,114.329,229.37800000000001,6
QnZjT2UyT3NMUmM=,5,236.696,297.657,-1
NUdaaFVSYldxckU=,0,3.302,29.997,2
NUdaaFVSYldxckU=,1,32.595,145.36200000000002,0
NUdaaFVSYldxckU=,2,148.644,162.136,28
NUdaaFVSYldxckU=,3,164.776,177.47400000000002,13
NUdaaFVSYldxckU=,4,178.184,195.984,4
NUdaaFVSYldxckU=,5,196.014,211.752,2
NUdaaFVSYldxckU=,6,212.502,221.946,-1
NUdaaFVSYldxckU=,7,221.986,244.66400000000002,-1
NUdaaFVSYldxckU=,9,255.704,270.617,20
YjFPY1RjRHlUZ3c=,0,0.409,7.863,12
YjFPY1RjRHlUZ3c=,1,7.913,36.938,19
YjFPY1RjRHlUZ3c=,2,37.008,52.228,0
YjFPY1RjRHlUZ3c=,3,54.179,87.627,0
YjFPY1RjRHlUZ3c=,5,91.983,135.64600000000002,0
YjFPY1RjRHlUZ3c=,6,136.056,165.336,30
YjFPY1RjRHlUZ3c=,7,165.686,226.256,30
YjFPY1RjRHlUZ3c=,9,230.57,262.91700000000003,30
YjFPY1RjRHlUZ3c=,10,263.368,286.332,-1
YjFPY1RjRHlUZ3c=,11,286.382,326.327,0
YjFPY1RjRHlUZ3c=,12,326.357,339.873,-1
YjFPY1RjRHlUZ3c=,13,340.904,397.16700000000003,-1
YjFPY1RjRHlUZ3c=,14,397.916,418.321,19
b2dROUVSa1Nhbms=,0,0.472,21.84,11
b2dROUVSa1Nhbms=,1,22.609,81.91499999999999,1
b2dROUVSa1Nhbms=,2,82.705,94.77799999999999,1
b2dROUVSa1Nhbms=,3,95.568,145.925,1
b2dROUVSa1Nhbms=,4,146.696,157.026,1
b2dROUVSa1Nhbms=,5,157.843,179.08700000000002,1
b2dROUVSa1Nhbms=,7,181.218,232.113,1
b2dROUVSa1Nhbms=,9,234.914,256.855,18
b2dROUVSa1Nhbms=,13,269.171,360.918,1
b2dROUVSa1Nhbms=,15,365.592,405.386,1
b2dROUVSa1Nhbms=,16,405.576,442.865,1
b2dROUVSa1Nhbms=,17,443.135,515.049,1
b2dROUVSa1Nhbms=,18,515.439,523.875,9
b2dROUVSa1Nhbms=,19,524.866,574.15,9
MXRFVWZfT0JwNG8=,1,6.267,33.354,17
MXRFVWZfT0JwNG8=,2,33.404,48.09,6
MXRFVWZfT0JwNG8=,3,48.77,91.993,15
MXRFVWZfT0JwNG8=,5,95.465,148.73600000000002,27
MXRFVWZfT0JwNG8=,6,150.516,166.946,-1
MXRFVWZfT0JwNG8=,7,167.356,188.616,3
MXRFVWZfT0JwNG8=,9,194.629,223.577,3
MXRFVWZfT0JwNG8=,10,224.668,245.26500000000001,24
MXRFVWZfT0JwNG8=,11,245.495,308.35900000000004,15
bXMycG1UdEE2TFk=,0,0.752,11.565,11
bXMycG1UdEE2TFk=,1,11.615,101.92,0
bXMycG1UdEE2TFk=,2,101.95,113.086,-1
bXMycG1UdEE2TFk=,3,113.136,187.947,28
bXMycG1UdEE2TFk=,4,188.197,209.864,5
bXMycG1UdEE2TFk=,5,210.274,322.759,17
bXMycG1UdEE2TFk=,6,322.809,336.19100000000003,-1
bXMycG1UdEE2TFk=,7,336.9,426.481,-1
bXMycG1UdEE2TFk=,8,426.531,449.69100000000003,3
bXMycG1UdEE2TFk=,9,449.761,611.666,-1
am9YelFHbTR6cnc=,0,0.569,21.663999999999998,2
am9YelFHbTR6cnc=,2,28.25,48.018,2
am9YelFHbTR6cnc=,3,52.749,121.223,2
am9YelFHbTR6cnc=,4,123.139,134.912,0
am9YelFHbTR6cnc=,5,139.661,248.888,0
am9YelFHbTR6cnc=,6,250.618,270.831,-1
am9YelFHbTR6cnc=,7,273.98,367.485,-1
ck1oWXdLRGFqRUk=,2,10.717,30.005999999999997,5
ck1oWXdLRGFqRUk=,3,32.995,83.74,18
ck1oWXdLRGFqRUk=,4,83.77,96.38799999999999,5
ck1oWXdLRGFqRUk=,5,99.787,159.73700000000002,-1
ck1oWXdLRGFqRUk=,7,169.768,233.45600000000002,16
ck1oWXdLRGFqRUk=,8,234.582,257.651,5
ck1oWXdLRGFqRUk=,9,260.699,320.928,5
ck1oWXdLRGFqRUk=,10,322.841,332.193,-1
ck1oWXdLRGFqRUk=,12,333.944,347.717,-1
b2VIbDR2aDd6ODQ=,0,0.589,57.662,2
b2VIbDR2aDd6ODQ=,1,61.944,136.00400000000002,2
b2VIbDR2aDd6ODQ=,2,140.423,160.958,3
b2VIbDR2aDd6ODQ=,3,166.34,178.46800000000002,2
b2VIbDR2aDd6ODQ=,4,182.722,222.568,-1
b2VIbDR2aDd6ODQ=,5,223.251,241.275,-1
b2VIbDR2aDd6ODQ=,6,245.708,292.511,-1
b2VIbDR2aDd6ODQ=,7,293.789,303.866,2
bmRoUUM1cG9pTVE=,0,0.549,14.588000000000001,7
bmRoUUM1cG9pTVE=,1,18.207,71.94,7
bmRoUUM1cG9pTVE=,2,74.457,90.035,7
bmRoUUM1cG9pTVE=,3,98.543,121.368,9
bmRoUUM1cG9pTVE=,5,133.915,165.631,-1
bmRoUUM1cG9pTVE=,6,167.062,174.836,7
bmRoUUM1cG9pTVE=,7,182.616,223.443,-1
bmRoUUM1cG9pTVE=,9,234.684,303.916,-1
bmRoUUM1cG9pTVE=,10,305.171,319.258,7
bmRoUUM1cG9pTVE=,11,328.865,459.21000000000004,7
bmRoUUM1cG9pTVE=,12,460.374,475.137,-1
bmRoUUM1cG9pTVE=,13,489.547,546.533,21
bmRoUUM1cG9pTVE=,14,546.583,558.038,7
eXZQeDdqUzJYbkE=,3,12.083,49.762,10
eXZQeDdqUzJYbkE=,4,49.792,75.29299999999999,25
eXZQeDdqUzJYbkE=,5,76.224,119.064,27
eXZQeDdqUzJYbkE=,6,119.114,148.322,-1
eXZQeDdqUzJYbkE=,7,149.784,180.328,-1
eXZQeDdqUzJYbkE=,8,180.899,204.571,-1
eXZQeDdqUzJYbkE=,9,205.582,240.423,10
eXZQeDdqUzJYbkE=,10,240.473,271.569,23
eXZQeDdqUzJYbkE=,11,272.239,293.402,23
bkQxaEFJRGxTUjg=,2,20.097,40.242000000000004,0
bkQxaEFJRGxTUjg=,3,44.466,134.61,0
bkQxaEFJRGxTUjg=,4,136.235,147.799,-1
bkQxaEFJRGxTUjg=,5,152.131,241.818,0
bkQxaEFJRGxTUjg=,6,246.034,261.337,-1
bkQxaEFJRGxTUjg=,7,261.387,273.747,26
dHR6djBqMTB0cmc=,0,1.149,17.625,6
dHR6djBqMTB0cmc=,1,17.675,28.269,6
dHR6djBqMTB0cmc=,2,30.229,51.855000000000004,6
dHR6djBqMTB0cmc=,3,53.465,81.405,6
dHR6djBqMTB0cmc=,4,81.455,139.693,6
dHR6djBqMTB0cmc=,7,158.115,206.79600000000002,6
dHR6djBqMTB0cmc=,8,207.687,215.636,17
dHR6djBqMTB0cmc=,9,219.541,269.247,17
dHR6djBqMTB0cmc=,10,270.397,306.305,-1
dHR6djBqMTB0cmc=,11,309.844,368.685,7
cXZHdjRoVkt5Ymc=,0,0.149,23.093999999999998,-1
cXZHdjRoVkt5Ymc=,1,23.712,98.5,7
cXZHdjRoVkt5Ymc=,2,99.432,143.306,-1
cXZHdjRoVkt5Ymc=,3,143.336,214.08100000000002,-1
cXZHdjRoVkt5Ymc=,5,216.152,252.69400000000002,2
cXZHdjRoVkt5Ymc=,6,252.764,269.02,-1
cXZHdjRoVkt5Ymc=,7,269.25,307.649,5
cXZHdjRoVkt5Ymc=,9,311.522,351.207,2
cXZHdjRoVkt5Ymc=,11,355.759,392.30400000000003,-1
bjRnQWhzNWJQa3c=,0,0.409,13.409,23
bjRnQWhzNWJQa3c=,1,14.466,52.769000000000005,27
bjRnQWhzNWJQa3c=,2,52.799,68.256,-1
bjRnQWhzNWJQa3c=,3,69.108,103.743,27
bjRnQWhzNWJQa3c=,4,104.153,117.705,4
bjRnQWhzNWJQa3c=,5,118.283,155.315,4
bjRnQWhzNWJQa3c=,6,156.119,180.702,25
bjRnQWhzNWJQa3c=,7,181.443,215.273,6
bjRnQWhzNWJQa3c=,8,215.759,232.175,3
bjRnQWhzNWJQa3c=,9,233.328,282.79,17
bjRnQWhzNWJQa3c=,10,283.317,293.143,-1
bjRnQWhzNWJQa3c=,11,293.183,333.225,17
bjRnQWhzNWJQa3c=,12,336.094,350.39,12
bjRnQWhzNWJQa3c=,13,350.42,376.671,17
bjRnQWhzNWJQa3c=,14,377.894,386.676,15
bjRnQWhzNWJQa3c=,15,387.316,422.258,15
YXNqVTQtVWdMbVE=,0,0.029,13.104000000000001,2
YXNqVTQtVWdMbVE=,1,13.154,24.389,0
YXNqVTQtVWdMbVE=,2,26.978,45.059000000000005,-1
YXNqVTQtVWdMbVE=,3,45.089,54.164,-1
YXNqVTQtVWdMbVE=,4,55.052,134.125,2
YXNqVTQtVWdMbVE=,5,137.55,151.846,19
YXNqVTQtVWdMbVE=,7,166.067,269.46500000000003,2
YXNqVTQtVWdMbVE=,8,272.305,286.28000000000003,2
YXNqVTQtVWdMbVE=,9,290.585,361.988,2
YXNqVTQtVWdMbVE=,11,379.998,482.116,-1
YXNqVTQtVWdMbVE=,12,482.952,504.415,23
YXNqVTQtVWdMbVE=,13,508.981,568.168,23
YXNqVTQtVWdMbVE=,14,569.201,579.696,2
Nmlva1ZsQ19lZVU=,0,0.61,14.292,8
Nmlva1ZsQ19lZVU=,1,14.735,138.04500000000002,0
Nmlva1ZsQ19lZVU=,2,138.936,146.573,-1
Nmlva1ZsQ19lZVU=,3,146.864,200.852,0
Nmlva1ZsQ19lZVU=,5,206.365,298.442,0
eW45NUMxUWtxY0U=,0,0.009,15.32,0
eW45NUMxUWtxY0U=,1,16.144,39.727000000000004,0
eW45NUMxUWtxY0U=,2,41.647,54.388000000000005,-1
eW45NUMxUWtxY0U=,3,54.938,68.25999999999999,3
eW45NUMxUWtxY0U=,4,72.313,175.584,0
eW45NUMxUWtxY0U=,5,179.096,197.56900000000002,0
eW45NUMxUWtxY0U=,6,201.386,301.8,0
eW45NUMxUWtxY0U=,7,304.765,327.607,11
eW45NUMxUWtxY0U=,9,334.782,436.394,-1
eW45NUMxUWtxY0U=,10,439.498,454.241,-1
eW45NUMxUWtxY0U=,11,457.739,513.845,0
VWwzV3VhOWVSYXc=,0,1.076,11.594,11
VWwzV3VhOWVSYXc=,3,17.843,43.078,-1
VWwzV3VhOWVSYXc=,4,43.188,54.746,3
VWwzV3VhOWVSYXc=,5,54.796,89.15299999999999,-1
VWwzV3VhOWVSYXc=,6,90.285,106.72399999999999,0
VWwzV3VhOWVSYXc=,7,107.336,152.125,10
VWwzV3VhOWVSYXc=,8,153.021,178.11700000000002,-1
VWwzV3VhOWVSYXc=,9,178.914,228.038,4
VWwzV3VhOWVSYXc=,10,228.849,253.56400000000002,4
VWwzV3VhOWVSYXc=,11,254.113,281.093,-1
VWwzV3VhOWVSYXc=,12,282.17,291.374,-1
VWwzV3VhOWVSYXc=,13,292.26,321.144,-1
VWwzV3VhOWVSYXc=,14,321.585,329.548,12
VWwzV3VhOWVSYXc=,15,329.933,362.657,13
OEhZSDVZalFCUjQ=,2,6.792,20.229,7
OEhZSDVZalFCUjQ=,3,20.459,38.116,17
OEhZSDVZalFCUjQ=,5,43.428,97.39699999999999,0
OEhZSDVZalFCUjQ=,6,97.467,110.725,17
OEhZSDVZalFCUjQ=,7,111.653,162.67600000000002,-1
OEhZSDVZalFCUjQ=,8,162.726,179.66500000000002,-1
OEhZSDVZalFCUjQ=,9,180.015,249.67600000000002,4
OEhZSDVZalFCUjQ=,10,250.436,272.63100000000003,7
OEhZSDVZalFCUjQ=,11,274.438,332.861,7
OEhZSDVZalFCUjQ=,12,332.911,341.665,7
US1tVmF0VXQ3QTQ=,0,0.009,13.681000000000001,8
US1tVmF0VXQ3QTQ=,1,14.498,84.53,8
US1tVmF0VXQ3QTQ=,3,91.526,117.649,8
US1tVmF0VXQ3QTQ=,4,117.899,126.71499999999999,8
US1tVmF0VXQ3QTQ=,6,128.586,174.941,8
US1tVmF0VXQ3QTQ=,7,174.991,183.769,4
US1tVmF0VXQ3QTQ=,8,184.459,275.925,8
US1tVmF0VXQ3QTQ=,9,277.629,287.488,12
US1tVmF0VXQ3QTQ=,10,287.538,456.21000000000004,8
US1tVmF0VXQ3QTQ=,11,482.572,517.354,8
US1tVmF0VXQ3QTQ=,12,517.404,576.374,8
US1tVmF0VXQ3QTQ=,13,576.644,589.315,-1
US1tVmF0VXQ3QTQ=,14,589.415,615.154,8
US1tVmF0VXQ3QTQ=,15,615.864,626.378,8
US1tVmF0VXQ3QTQ=,16,626.868,652.49,8
US1tVmF0VXQ3QTQ=,17,652.52,662.396,8
US1tVmF0VXQ3QTQ=,18,662.426,698.915,8
US1tVmF0VXQ3QTQ=,19,699.065,710.884,8
US1tVmF0VXQ3QTQ=,20,710.934,733.364,8
US1tVmF0VXQ3QTQ=,21,733.414,740.691,8
US1tVmF0VXQ3QTQ=,22,741.681,794.683,8
US1tVmF0VXQ3QTQ=,24,801.42,884.691,8
US1tVmF0VXQ3QTQ=,25,884.721,898.662,-1
US1tVmF0VXQ3QTQ=,27,903.656,919.035,-1
US1tVmF0VXQ3QTQ=,28,919.085,931.3580000000001,26
TVRib3QzVGQwbkE=,0,0.35,15.1,12
TVRib3QzVGQwbkE=,1,15.89,93.169,21
TVRib3QzVGQwbkE=,2,97.493,136.95700000000002,3
TVRib3QzVGQwbkE=,3,138.648,165.31300000000002,-1
TVRib3QzVGQwbkE=,4,169.212,198.15200000000002,0
TVRib3QzVGQwbkE=,5,199.65,216.281,3
TVRib3QzVGQwbkE=,6,220.536,245.285,25
TVRib3QzVGQwbkE=,7,246.8,262.182,21
TVRib3QzVGQwbkE=,8,266.486,297.13800000000003,3
TVRib3QzVGQwbkE=,9,298.864,321.414,-1
TVRib3QzVGQwbkE=,10,326.235,365.632,-1
TVRib3QzVGQwbkE=,11,367.286,389.642,-1
TVRib3QzVGQwbkE=,12,393.456,401.152,12
Y1pwMl92ZTlaTGM=,0,1.198,32.467,-1
Y1pwMl92ZTlaTGM=,1,36.011,87.24499999999999,0
Y1pwMl92ZTlaTGM=,4,107.617,118.50699999999999,19
Y1pwMl92ZTlaTGM=,5,122.463,184.102,2
Y1pwMl92ZTlaTGM=,6,184.172,191.824,-1
Y1pwMl92ZTlaTGM=,7,195.623,251.56900000000002,25
Y1pwMl92ZTlaTGM=,9,262.612,317.801,0
bGhBajVlc1hFemM=,2,7.56,24.776999999999997,13
bGhBajVlc1hFemM=,3,26.204,59.341,10
bGhBajVlc1hFemM=,4,60.038,83.88199999999999,10
bGhBajVlc1hFemM=,5,84.824,161.22,4
bGhBajVlc1hFemM=,6,162.221,181.786,4
bGhBajVlc1hFemM=,7,182.515,275.282,20
bGhBajVlc1hFemM=,8,276.202,297.142,10
bGhBajVlc1hFemM=,9,299.236,377.754,-1
bGhBajVlc1hFemM=,10,377.824,402.736,-1
bGhBajVlc1hFemM=,11,403.655,519.145,20
bGhBajVlc1hFemM=,12,519.215,541.738,6
bGhBajVlc1hFemM=,13,541.768,590.4060000000001,6
bGhBajVlc1hFemM=,14,590.456,604.374,-1
bGhBajVlc1hFemM=,15,605.772,673.046,6
QjZRTGhBbDQwb0U=,0,0.389,25.895,14
QjZRTGhBbDQwb0U=,1,27.285,83.021,1
QjZRTGhBbDQwb0U=,2,83.491,106.90299999999999,1
QjZRTGhBbDQwb0U=,3,107.173,153.678,1
QjZRTGhBbDQwb0U=,4,154.445,175.322,1
QjZRTGhBbDQwb0U=,5,175.572,237.589,1
QjZRTGhBbDQwb0U=,7,242.998,285.933,1
QjZRTGhBbDQwb0U=,8,286.824,294.051,12
WUFhN1hQc1JuaFk=,0,0.249,26.144,2
WUFhN1hQc1JuaFk=,1,33.531,246.64000000000001,-1
WUFhN1hQc1JuaFk=,2,246.69,292.07300000000004,11
WUFhN1hQc1JuaFk=,3,296.235,319.476,2
ZHNNclRBcUcwSEU=,0,0.339,160.441,-1
ZHNNclRBcUcwSEU=,2,169.74,192.788,29
ZHNNclRBcUcwSEU=,4,197.521,218.746,29
ZHNNclRBcUcwSEU=,5,219.156,229.893,-1
ZHNNclRBcUcwSEU=,6,229.923,272.891,29
ZHNNclRBcUcwSEU=,7,272.961,284.899,6
ZHNNclRBcUcwSEU=,8,284.949,303.79,29
TTVqN1JwNnNrOGs=,0,0.229,30.217,0
TTVqN1JwNnNrOGs=,1,32.655,96.169,0
TTVqN1JwNnNrOGs=,2,96.199,106.616,-1
TTVqN1JwNnNrOGs=,3,107.362,138.823,4
TTVqN1JwNnNrOGs=,4,142.512,161.33100000000002,19
TTVqN1JwNnNrOGs=,5,165.063,210.005,0
TTVqN1JwNnNrOGs=,6,211.136,222.913,-1
TTVqN1JwNnNrOGs=,7,226.641,278.651,-1
TTVqN1JwNnNrOGs=,8,279.502,293.803,0
TTVqN1JwNnNrOGs=,9,297.421,344.86,0
a3k4Y1FpM2tTdzQ=,0,0.289,41.427,1
a3k4Y1FpM2tTdzQ=,3,54.233,153.078,1
a3k4Y1FpM2tTdzQ=,4,155.259,167.627,1
a3k4Y1FpM2tTdzQ=,5,169.957,274.95,1
UFhkM09jTTFzMFk=,0,1.761,15.475,11
UFhkM09jTTFzMFk=,1,15.525,103.389,1
UFhkM09jTTFzMFk=,2,103.559,119.163,1
UFhkM09jTTFzMFk=,3,120.894,178.554,1
UFhkM09jTTFzMFk=,4,178.604,187.642,1
UFhkM09jTTFzMFk=,5,188.072,238.544,1
UFhkM09jTTFzMFk=,6,239.059,269.587,9
UFhkM09jTTFzMFk=,7,269.637,325.321,9
b1ZXNHVfeWRkZ2c=,0,0.409,10.862,6
b1ZXNHVfeWRkZ2c=,1,10.912,27.726999999999997,0
b1ZXNHVfeWRkZ2c=,2,30.708,117.065,0
b1ZXNHVfeWRkZ2c=,4,126.242,142.34400000000002,-1
b1ZXNHVfeWRkZ2c=,6,150.447,162.31300000000002,-1
b1ZXNHVfeWRkZ2c=,7,167.157,217.389,0
b1ZXNHVfeWRkZ2c=,9,226.679,285.7,-1
d0s3YUkyWGZBQzA=,0,0.57,20.362,-1
d0s3YUkyWGZBQzA=,1,23.335,79.53699999999999,-1
d0s3YUkyWGZBQzA=,2,80.401,91.094,8
d0s3YUkyWGZBQzA=,3,91.144,132.461,-1
d0s3YUkyWGZBQzA=,4,135.701,155.092,2
d0s3YUkyWGZBQzA=,5,160.002,231.892,-1
d0s3YUkyWGZBQzA=,6,233.628,295.046,0
d0s3YUkyWGZBQzA=,7,299.594,307.797,-1
d0s3YUkyWGZBQzA=,8,312.546,360.375,15
cWdHdUttV2Q1eGc=,0,0.169,17.326999999999998,1
cWdHdUttV2Q1eGc=,1,17.857,34.117000000000004,1
cWdHdUttV2Q1eGc=,2,34.167,46.604,1
cWdHdUttV2Q1eGc=,3,47.896,57.032000000000004,0
cWdHdUttV2Q1eGc=,4,57.082,72.122,1
cWdHdUttV2Q1eGc=,5,72.911,91.52499999999999,1
cWdHdUttV2Q1eGc=,6,91.995,120.484,1
cWdHdUttV2Q1eGc=,7,121.142,134.863,1
cWdHdUttV2Q1eGc=,8,134.933,146.812,-1
cWdHdUttV2Q1eGc=,9,149.864,166.33700000000002,9
cWdHdUttV2Q1eGc=,10,170.196,241.38500000000002,1
cWdHdUttV2Q1eGc=,11,242.385,256.584,-1
cWdHdUttV2Q1eGc=,12,260.376,330.2,-1
ZE9vYlJDTGd4YXc=,0,0.249,31.282999999999998,11
ZE9vYlJDTGd4YXc=,1,32.356,67.579,9
ZE9vYlJDTGd4YXc=,2,67.609,92.637,16
ZE9vYlJDTGd4YXc=,3,93.368,140.583,16
ZE9vYlJDTGd4YXc=,4,141.173,156.024,9
ZE9vYlJDTGd4YXc=,5,157.253,205.42700000000002,9
ZE9vYlJDTGd4YXc=,6,205.768,221.493,1
ZE9vYlJDTGd4YXc=,7,222.604,263.019,1
ZE9vYlJDTGd4YXc=,8,263.55,280.008,-1
ZE9vYlJDTGd4YXc=,9,280.058,305.32,9
ZE9vYlJDTGd4YXc=,10,305.771,317.053,12
ZE9vYlJDTGd4YXc=,11,318.271,332.052,-1
RkJTWUxjTVZJcjQ=,0,0.249,18.660999999999998,8
RkJTWUxjTVZJcjQ=,1,19.019,255.847,-1
RkJTWUxjTVZJcjQ=,4,271.452,283.639,26
dHQweEI5U1YwUUE=,0,0.349,25.421999999999997,1
dHQweEI5U1YwUUE=,1,27.188,51.733000000000004,1
dHQweEI5U1YwUUE=,2,54.438,64.553,-1
dHQweEI5U1YwUUE=,3,69.489,155.68900000000002,1
dHQweEI5U1YwUUE=,4,157.944,183.431,1
dHQweEI5U1YwUUE=,5,188.424,199.456,16
dHQweEI5U1YwUUE=,6,199.944,210.268,1
dHQweEI5U1YwUUE=,7,210.288,217.591,27
dHQweEI5U1YwUUE=,9,228.495,238.222,1
dHQweEI5U1YwUUE=,12,260.399,333.157,1
UzB5ZE1aRThmUWs=,0,0.189,34.193000000000005,9
UzB5ZE1aRThmUWs=,1,34.243,52.124,9
UzB5ZE1aRThmUWs=,2,52.891,70.838,-1
UzB5ZE1aRThmUWs=,3,71.643,101.31299999999999,-1
UzB5ZE1aRThmUWs=,4,103.024,119.109,1
UzB5ZE1aRThmUWs=,5,119.965,144.115,1
UzB5ZE1aRThmUWs=,7,155.872,227.436,1
UzB5ZE1aRThmUWs=,8,230.38,255.023,-1
UzB5ZE1aRThmUWs=,9,258.933,308.538,14
UzB5ZE1aRThmUWs=,10,309.494,317.207,14
UzB5ZE1aRThmUWs=,11,320.089,353.66,9
UzB5ZE1aRThmUWs=,12,353.71,372.452,-1
UzB5ZE1aRThmUWs=,13,374.723,501.652,1
UzB5ZE1aRThmUWs=,14,502.777,525.797,1
UzB5ZE1aRThmUWs=,15,528.791,592.157,-1
UzB5ZE1aRThmUWs=,16,593.188,608.925,1
UzB5ZE1aRThmUWs=,17,611.525,668.025,-1
UzB5ZE1aRThmUWs=,18,668.056,676.436,12
Mzh4dlhuWjh2dmM=,0,1.158,12.275,6
Mzh4dlhuWjh2dmM=,1,16.665,56.823,6
Mzh4dlhuWjh2dmM=,2,64.139,114.112,6
Mzh4dlhuWjh2dmM=,3,114.962,133.507,6
Mzh4dlhuWjh2dmM=,4,134.116,170.393,-1
Mzh4dlhuWjh2dmM=,5,174.281,194.374,6
Mzh4dlhuWjh2dmM=,7,199.633,217.199,6
Mzh4dlhuWjh2dmM=,8,221.374,288.962,6
Mzh4dlhuWjh2dmM=,9,290.396,301.96000000000004,-1
Mzh4dlhuWjh2dmM=,10,306.548,399.58,-1
dkZsU1hNMzJ3QXc=,0,0.329,32.434000000000005,-1
dkZsU1hNMzJ3QXc=,1,32.484,83.42399999999999,-1
dkZsU1hNMzJ3QXc=,2,83.655,102.40899999999999,-1
dkZsU1hNMzJ3QXc=,3,103.26,140.976,4
dkZsU1hNMzJ3QXc=,4,141.835,166.567,0
dkZsU1hNMzJ3QXc=,5,167.822,244.15900000000002,0
dkZsU1hNMzJ3QXc=,6,244.189,258.154,-1
dkZsU1hNMzJ3QXc=,9,263.288,301.899,0
dkZsU1hNMzJ3QXc=,10,301.949,308.744,12
UU90aGsxSzlOdkU=,0,0.129,8.586,11
UU90aGsxSzlOdkU=,2,10.537,18.894,11
UU90aGsxSzlOdkU=,3,19.505,44.284,-1
UU90aGsxSzlOdkU=,4,45.212,55.788000000000004,-1
UU90aGsxSzlOdkU=,5,58.279,84.639,-1
UU90aGsxSzlOdkU=,6,87.517,103.25999999999999,3
UU90aGsxSzlOdkU=,7,103.79,130.86200000000002,3
UU90aGsxSzlOdkU=,8,131.895,143.438,21
UU90aGsxSzlOdkU=,9,143.478,160.413,3
UU90aGsxSzlOdkU=,10,160.996,168.937,3
UU90aGsxSzlOdkU=,11,169.309,190.97,-1
UU90aGsxSzlOdkU=,13,197.463,217.673,10
UU90aGsxSzlOdkU=,14,218.283,228.97500000000002,-1
UU90aGsxSzlOdkU=,15,231.546,285.94800000000004,21
UU90aGsxSzlOdkU=,16,285.978,293.837,-1
UU90aGsxSzlOdkU=,17,294.571,327.038,4
UU90aGsxSzlOdkU=,18,327.541,359.077,13
UU90aGsxSzlOdkU=,19,359.147,381.207,-1
UU90aGsxSzlOdkU=,20,382.072,393.089,13
UU90aGsxSzlOdkU=,21,393.139,411.141,29
ckhodDNLVEN3Ykk=,0,0.029,15.893,2
ckhodDNLVEN3Ykk=,1,16.964,46.364000000000004,-1
ckhodDNLVEN3Ykk=,2,47.115,57.544000000000004,5
ckhodDNLVEN3Ykk=,3,58.464,142.555,16
ckhodDNLVEN3Ykk=,4,142.585,165.29000000000002,5
ckhodDNLVEN3Ykk=,6,166.133,195.20700000000002,5
ckhodDNLVEN3Ykk=,8,199.48,209.019,5
ckhodDNLVEN3Ykk=,10,213.533,243.34300000000002,5
ckhodDNLVEN3Ykk=,11,243.914,279.033,5
ckhodDNLVEN3Ykk=,12,279.263,354.181,5
ckhodDNLVEN3Ykk=,13,354.531,405.199,5
ckhodDNLVEN3Ykk=,14,405.982,502.118,5
V0ZPam44WENtNjQ=,0,0.409,11.705,0
V0ZPam44WENtNjQ=,1,12.075,24.331999999999997,0
V0ZPam44WENtNjQ=,2,27.789,97.94399999999999,0
V0ZPam44WENtNjQ=,4,101.197,136.774,0
V0ZPam44WENtNjQ=,6,145.284,155.407,19
V0ZPam44WENtNjQ=,7,159.227,220.32500000000002,0
V0ZPam44WENtNjQ=,9,233.128,317.469,7
Y3hGbjZvMUJKcEk=,0,2.259,27.331999999999997,25
Y3hGbjZvMUJKcEk=,3,35.527,73.208,10
Y3hGbjZvMUJKcEk=,4,73.258,98.15599999999999,25
Y3hGbjZvMUJKcEk=,5,98.506,142.262,27
Y3hGbjZvMUJKcEk=,6,142.632,171.775,2
Y3hGbjZvMUJKcEk=,7,173.251,203.775,-1
Y3hGbjZvMUJKcEk=,8,204.346,228.013,-1
Y3hGbjZvMUJKcEk=,9,229.043,263.867,10
Y3hGbjZvMUJKcEk=,10,263.917,295.016,23
Y3hGbjZvMUJKcEk=,11,295.686,316.862,23
dFcwUlRsam5qdlU=,0,0.351,21.282999999999998,0
dFcwUlRsam5qdlU=,1,25.752,147.631,3
dFcwUlRsam5qdlU=,2,149.193,161.36,3
dFcwUlRsam5qdlU=,3,166.505,316.909,17
aHlRcmx5eTU5bWs=,0,0.657,13.436,0
aHlRcmx5eTU5bWs=,1,14.117,29.72,-1
aHlRcmx5eTU5bWs=,2,34.02,118.422,0
aHlRcmx5eTU5bWs=,3,121.485,136.875,19
aHlRcmx5eTU5bWs=,4,140.726,219.946,19
aHlRcmx5eTU5bWs=,5,221.033,234.05800000000002,0
aHlRcmx5eTU5bWs=,6,237.937,302.354,0
aHlRcmx5eTU5bWs=,7,303.627,326.604,-1
aHlRcmx5eTU5bWs=,8,330.332,408.204,0
ZVhvU3kzbXI5bnM=,2,8.844,22.465999999999998,3
ZVhvU3kzbXI5bnM=,3,23.391,114.64699999999999,3
ZVhvU3kzbXI5bnM=,4,115.425,131.255,3
ZVhvU3kzbXI5bnM=,5,134.76,195.62900000000002,-1
ZVhvU3kzbXI5bnM=,6,196.414,214.77,3
ZVhvU3kzbXI5bnM=,7,214.8,261.035,-1
ZVhvU3kzbXI5bnM=,8,261.445,268.938,-1
ZVhvU3kzbXI5bnM=,9,268.988,314.269,21
ZVhvU3kzbXI5bnM=,10,315.291,320.285,12
TGYxaGxjaHdHMDQ=,0,0.775,227.89700000000002,11
TGYxaGxjaHdHMDQ=,3,242.017,300.346,10
TGYxaGxjaHdHMDQ=,5,305.3,328.963,10
TGYxaGxjaHdHMDQ=,7,335.017,351.601,4
TGYxaGxjaHdHMDQ=,9,355.312,441.75,10
TGYxaGxjaHdHMDQ=,11,445.962,508.581,-1
TGYxaGxjaHdHMDQ=,13,512.274,533.86,10
TGYxaGxjaHdHMDQ=,15,547.403,682.052,6
TGYxaGxjaHdHMDQ=,17,695.086,829.648,-1
TGYxaGxjaHdHMDQ=,18,831.218,852.756,15
TGYxaGxjaHdHMDQ=,21,862.314,874.505,29
TGYxaGxjaHdHMDQ=,23,879.828,937.658,10
TGYxaGxjaHdHMDQ=,25,942.912,977.203,-1
d3JWUy1PdmFUTTA=,0,23.73,52.794000000000004,4
d3JWUy1PdmFUTTA=,1,56.409,79.306,6
d3JWUy1PdmFUTTA=,2,79.336,97.91799999999999,6
d3JWUy1PdmFUTTA=,3,97.988,117.315,0
d3JWUy1PdmFUTTA=,4,120.109,130.0,2
d3JWUy1PdmFUTTA=,5,133.701,185.97,6
d3JWUy1PdmFUTTA=,6,186.971,205.16500000000002,6
d3JWUy1PdmFUTTA=,7,209.0,307.27500000000003,2
d3JWUy1PdmFUTTA=,9,315.11,327.356,-1
MXI4emN2VnZpVE0=,0,0.589,21.410999999999998,10
MXI4emN2VnZpVE0=,1,21.981,54.019000000000005,-1
MXI4emN2VnZpVE0=,2,54.069,77.115,-1
MXI4emN2VnZpVE0=,3,78.098,111.883,-1
MXI4emN2VnZpVE0=,4,112.589,136.57600000000002,4
MXI4emN2VnZpVE0=,5,137.453,173.085,4
MXI4emN2VnZpVE0=,6,173.375,186.09400000000002,4
MXI4emN2VnZpVE0=,7,187.555,212.648,4
MXI4emN2VnZpVE0=,8,213.769,232.919,-1
MXI4emN2VnZpVE0=,9,233.029,269.992,3
MXI4emN2VnZpVE0=,10,270.022,292.687,-1
MXI4emN2VnZpVE0=,11,293.037,324.776,-1
TkJpc2ljbGJpV2M=,0,0.109,14.634,-1
TkJpc2ljbGJpV2M=,1,18.394,88.192,9
TkJpc2ljbGJpV2M=,2,89.449,110.848,-1
TkJpc2ljbGJpV2M=,3,113.831,160.29600000000002,-1
TkJpc2ljbGJpV2M=,4,162.25,173.18900000000002,9
TkJpc2ljbGJpV2M=,5,176.089,242.102,9
TkJpc2ljbGJpV2M=,6,243.84,256.72700000000003,1
TkJpc2ljbGJpV2M=,7,260.154,306.2,1
TkJpc2ljbGJpV2M=,8,307.333,317.156,1
TkJpc2ljbGJpV2M=,9,321.205,348.868,1
UThlbHdKeFh4WE0=,0,0.489,25.814,14
UThlbHdKeFh4WE0=,1,28.769,51.808,14
UThlbHdKeFh4WE0=,2,53.018,100.029,1
UThlbHdKeFh4WE0=,3,101.08,116.67899999999999,14
UThlbHdKeFh4WE0=,4,117.069,131.91500000000002,1
UThlbHdKeFh4WE0=,5,132.561,150.143,1
UThlbHdKeFh4WE0=,6,152.777,169.025,-1
UThlbHdKeFh4WE0=,7,173.362,252.46,-1
UThlbHdKeFh4WE0=,8,253.354,275.348,9
UThlbHdKeFh4WE0=,9,279.122,350.819,9
RUJSejhfQ1ozc2s=,0,0.609,23.369,-1
RUJSejhfQ1ozc2s=,1,24.89,67.65599999999999,28
RUJSejhfQ1ozc2s=,2,67.686,91.056,-1
RUJSejhfQ1ozc2s=,3,91.406,154.318,13
RUJSejhfQ1ozc2s=,4,154.728,177.942,13
RUJSejhfQ1ozc2s=,5,178.192,223.643,13
RUJSejhfQ1ozc2s=,6,224.258,245.288,-1
RUJSejhfQ1ozc2s=,7,246.591,304.511,-1
RUJSejhfQ1ozc2s=,8,304.681,316.236,-1
RUJSejhfQ1ozc2s=,9,316.966,348.532,-1
UE1ValZEMThzRWc=,0,0.389,23.956,21
UE1ValZEMThzRWc=,3,36.314,131.454,0
UE1ValZEMThzRWc=,4,131.484,156.508,4
UE1ValZEMThzRWc=,6,166.884,179.102,-1
UE1ValZEMThzRWc=,7,183.277,260.958,0
UE1ValZEMThzRWc=,9,276.047,340.189,20
UE1ValZEMThzRWc=,11,347.476,361.178,-1
dUJoemRydy12Wnc=,0,0.87,29.999,0
dUJoemRydy12Wnc=,1,32.97,100.012,0
dUJoemRydy12Wnc=,2,101.111,116.72999999999999,-1
dUJoemRydy12Wnc=,3,116.82,127.636,-1
dUJoemRydy12Wnc=,4,130.811,141.368,0
dUJoemRydy12Wnc=,5,145.826,235.76500000000001,0
dUJoemRydy12Wnc=,7,250.049,326.084,-1
UXI5V0dVRG9naVE=,0,1.002,15.921,2
UXI5V0dVRG9naVE=,1,16.471,32.896,4
UXI5V0dVRG9naVE=,2,35.453,52.17,-1
UXI5V0dVRG9naVE=,4,61.129,136.14100000000002,-1
UXI5V0dVRG9naVE=,6,144.71,161.366,2
UXI5V0dVRG9naVE=,7,165.616,224.047,-1
UXI5V0dVRG9naVE=,8,225.029,245.41,6
UXI5V0dVRG9naVE=,9,249.546,279.639,6
UXI5V0dVRG9naVE=,12,288.795,299.713,19
UXI5V0dVRG9naVE=,13,303.454,369.604,2
M3pCV0NQRkVhejg=,0,0.269,24.483999999999998,11
M3pCV0NQRkVhejg=,1,25.154,73.33,24
M3pCV0NQRkVhejg=,2,73.883,98.133,24
M3pCV0NQRkVhejg=,3,98.643,138.26000000000002,24
M3pCV0NQRkVhejg=,4,138.29,153.83,6
M3pCV0NQRkVhejg=,5,154.74,212.04500000000002,24
M3pCV0NQRkVhejg=,6,212.095,233.592,24
M3pCV0NQRkVhejg=,7,234.725,291.979,24
M3pCV0NQRkVhejg=,8,292.009,328.628,20
M3pCV0NQRkVhejg=,9,329.873,408.062,20
M3pCV0NQRkVhejg=,11,427.814,440.192,26
X09CWEJscERCSVE=,0,0.209,23.758,0
X09CWEJscERCSVE=,1,26.304,81.33,0
X09CWEJscERCSVE=,2,81.36,93.435,4
X09CWEJscERCSVE=,3,93.823,124.43199999999999,-1
X09CWEJscERCSVE=,4,124.482,136.097,-1
X09CWEJscERCSVE=,6,147.578,199.966,5
X09CWEJscERCSVE=,7,202.922,216.25400000000002,18
X09CWEJscERCSVE=,8,217.125,230.097,9
X09CWEJscERCSVE=,9,230.667,255.524,18
X09CWEJscERCSVE=,10,256.495,269.399,18
X09CWEJscERCSVE=,12,276.096,285.615,-1
X09CWEJscERCSVE=,14,297.518,354.95,-1
X09CWEJscERCSVE=,15,358.517,384.132,-1
X09CWEJscERCSVE=,16,384.322,404.497,-1
X09CWEJscERCSVE=,17,404.547,418.288,-1
X09CWEJscERCSVE=,18,418.958,428.498,-1
X09CWEJscERCSVE=,19,428.528,452.133,-1
X09CWEJscERCSVE=,20,454.756,487.39300000000003,-1
Zl9NWVBsUHlTLWM=,0,1.904,15.376,5
Zl9NWVBsUHlTLWM=,1,18.567,64.636,5
Zl9NWVBsUHlTLWM=,2,65.822,87.00399999999999,5
Zl9NWVBsUHlTLWM=,3,87.054,149.86,5
Zl9NWVBsUHlTLWM=,4,149.91,159.946,5
Zl9NWVBsUHlTLWM=,5,162.658,259.807,5
Zl9NWVBsUHlTLWM=,6,260.945,278.958,5
Zl9NWVBsUHlTLWM=,7,280.868,412.66700000000003,5
Zl9NWVBsUHlTLWM=,8,412.697,422.63100000000003,-1
T0VQVGpBbDNpTGc=,0,0.009,192.264,11
T0VQVGpBbDNpTGc=,1,193.131,231.074,4
T0VQVGpBbDNpTGc=,2,231.124,273.43,4
T0VQVGpBbDNpTGc=,3,277.279,363.66,27
T0VQVGpBbDNpTGc=,5,399.147,417.266,11
T0VQVGpBbDNpTGc=,6,419.037,484.821,-1
T0VQVGpBbDNpTGc=,7,486.015,514.544,6
T0VQVGpBbDNpTGc=,8,514.974,592.83,6
SUVHS2pqclRyQ3c=,0,1.023,31.955,-1
SUVHS2pqclRyQ3c=,1,32.165,38.753,13
SUVHS2pqclRyQ3c=,2,40.158,58.142,13
SUVHS2pqclRyQ3c=,3,58.792,66.729,12
SUVHS2pqclRyQ3c=,4,68.001,103.301,-1
SUVHS2pqclRyQ3c=,6,109.139,123.21499999999999,-1
SUVHS2pqclRyQ3c=,8,127.233,163.17700000000002,-1
SUVHS2pqclRyQ3c=,9,163.227,197.96,8
SUVHS2pqclRyQ3c=,10,199.215,249.835,8
SUVHS2pqclRyQ3c=,11,249.865,268.829,16
SUVHS2pqclRyQ3c=,12,270.481,304.926,-1
SUVHS2pqclRyQ3c=,13,304.976,313.115,2
SGdoSEY2MzJRSk0=,0,0.129,18.209,-1
SGdoSEY2MzJRSk0=,1,22.25,108.44399999999999,-1
SGdoSEY2MzJRSk0=,3,112.848,237.193,8
SGdoSEY2MzJRSk0=,5,251.616,264.531,-1
SGdoSEY2MzJRSk0=,6,267.183,279.72700000000003,26
ZFJBd2ptOGVVcGs=,0,1.01,16.189999999999998,19
ZFJBd2ptOGVVcGs=,5,48.871,81.844,0
ZFJBd2ptOGVVcGs=,7,86.976,129.38400000000001,4
ZFJBd2ptOGVVcGs=,9,137.398,165.42700000000002,0
ZFJBd2ptOGVVcGs=,12,175.589,193.93200000000002,-1
ZFJBd2ptOGVVcGs=,13,195.143,343.725,21
ZFJBd2ptOGVVcGs=,16,359.201,375.76,26
Y3Jwc0RFaWxGblU=,0,0.489,9.326,11
Y3Jwc0RFaWxGblU=,2,10.417,18.993,0
Y3Jwc0RFaWxGblU=,3,19.563,58.201,0
Y3Jwc0RFaWxGblU=,4,58.951,73.04599999999999,0
Y3Jwc0RFaWxGblU=,5,74.557,115.136,0
Y3Jwc0RFaWxGblU=,6,115.726,125.485,21
Y3Jwc0RFaWxGblU=,7,125.515,199.958,0
Y3Jwc0RFaWxGblU=,8,200.468,208.461,-1
Y3Jwc0RFaWxGblU=,9,209.131,232.079,0
Y3Jwc0RFaWxGblU=,10,232.649,246.895,3
Y3Jwc0RFaWxGblU=,11,247.506,299.02500000000003,0
akMyeFVkVGpxU0E=,0,0.369,13.294,3
akMyeFVkVGpxU0E=,1,13.541,33.072,-1
akMyeFVkVGpxU0E=,2,37.519,70.875,0
akMyeFVkVGpxU0E=,3,71.954,96.155,-1
akMyeFVkVGpxU0E=,4,100.698,154.58,0
akMyeFVkVGpxU0E=,5,155.879,174.949,0
akMyeFVkVGpxU0E=,6,178.749,226.738,0
akMyeFVkVGpxU0E=,7,227.981,253.61200000000002,-1
akMyeFVkVGpxU0E=,8,257.381,314.5,21
akMyeFVkVGpxU0E=,9,315.452,334.268,-1
akMyeFVkVGpxU0E=,10,338.395,382.73900000000003,3
akMyeFVkVGpxU0E=,11,383.837,418.776,-1
akMyeFVkVGpxU0E=,12,423.114,476.439,7
akMyeFVkVGpxU0E=,13,478.088,487.058,7
RGpKdDhvekh6QU0=,0,0.129,14.848,22
RGpKdDhvekh6QU0=,1,14.898,29.537,22
RGpKdDhvekh6QU0=,2,32.037,49.551,22
RGpKdDhvekh6QU0=,3,50.527,68.345,22
RGpKdDhvekh6QU0=,4,68.795,95.077,22
RGpKdDhvekh6QU0=,5,95.876,103.57499999999999,16
RGpKdDhvekh6QU0=,6,103.826,115.39,22
RGpKdDhvekh6QU0=,7,115.86,127.629,-1
RGpKdDhvekh6QU0=,8,127.669,139.608,22
RGpKdDhvekh6QU0=,10,150.435,161.274,22
RGpKdDhvekh6QU0=,11,165.732,244.15800000000002,6
RGpKdDhvekh6QU0=,12,245.306,258.65500000000003,12
RGpKdDhvekh6QU0=,13,263.26,343.723,22
RGpKdDhvekh6QU0=,15,353.235,368.51800000000003,-1
RGpKdDhvekh6QU0=,16,368.568,380.829,26
